Workbook

Sheet Mobile & Web (34)
A1: Sl | B1: Category | C1: Security Control | D1: Android | E1: iOS | F1: Web | G1: Default response | H1: How it is implemented | I1: Where (code / setting) | J1: Comments
A2: 1 | B2: Device Security | C2: Device Policy | D2: Added | E2: Added | F2: N/A | G2: Warn | H2: Checks that a screen lock (PIN / pattern / password / biometric) is set: KeyguardManager.isDeviceSecure (Android), LAContext deviceOwnerAuthentication (iOS). | I2: isDeviceSecure | J2: Web: browsers can't read device settings.
A3: 2 | B3: Device Security | C3: Virtual Device | D3: Existing | E3: Existing | F3: N/A | G3: Block | H3: Emulator heuristics (goldfish / ranchu / SDK / Genymotion) on Android; simulator build flag on iOS. | I3: isSimulator, getHardware
A4: 3 | B4: Device Security | C4: Secondary Profile | D4: Added | E4: N/A | F4: N/A | G4: Warn | H4: Detects secondary user, guest or work profile (UserManager.isSystemUser). | I4: isSecondaryProfile | J4: iOS has no secondary users or work profiles.
A5: 4 | B5: Device Security | C5: Code Injection | D5: Added | E5: Added | F5: Partial | G5: Isolate | H5: Android: Xposed / LSPosed / Substrate / Riru / Zygisk libraries in memory, Xposed classes, hooked stack frames, LD_PRELOAD. iOS: DYLD_INSERT_LIBRARIES and injected dylibs. | I5: isCodeInjected | J5: Web: script injection blocked by Content-Security-Policy (script-src 'self'); violations reported.
A6: 5 | B6: Device Security | C6: Secondary Environment | D6: Added | E6: N/A | F6: N/A | G6: Block | H6: Detects app cloners / virtual containers (Parallel Space, Dual Apps, VirtualApp…): app data folder outside /data/user/<n>/<package>, cloner code in memory. | I6: isSecondaryEnvironment | J6: iOS doesn't allow app cloning.
A7: 6 | B7: Device Security | C7: Frida Detection | D7: Existing | E7: Existing | F7: N/A | G7: Isolate | H7: Frida libraries in memory (/proc/self/maps, dyld images) + frida-server default ports 27042/27043. | I7: isFridaDetected
A8: 7 | B8: Device Security | C8: Root/Jailbreak | D8: Existing | E8: Existing | F8: N/A | G8: Isolate | H8: Android: test-keys, su binaries, Magisk paths, `which su`. iOS: jailbreak files, sandbox-escape write test, hooking libraries. | I8: isDeviceJailbroken | J8: Stronger: add server-verified Play Integrity / App Attest.
A9: 8 | B9: Network Security | C9: VPN Detection | D9: Existing | E9: Existing | F9: N/A | G9: Warn | H9: Android TRANSPORT_VPN; iOS tunnel interfaces (utun/ppp/ipsec). | I9: isVPNConnected | J9: Warn only: many legitimate customers use a VPN.
A10: 9 | B10: Network Security | C10: Installation Source Validation | D10: Existing | E10: Existing | F10: N/A | G10: Warn | H10: Installer must be Google Play / Amazon (Android); App Store receipt, TestFlight treated as not-store (iOS). | I10: isAppInstalledFromAppStore | J10: Set EXPO_PUBLIC_REQUIRE_STORE_INSTALL=true to block in production.
A11: 10 | B11: Network Security | C11: Unsecured Wi-Fi | D11: Added | E11: Not possible | F11: N/A | G11: Warn | H11: Open or WEP Wi-Fi detected from the connected network's security type (Android 12+). | I11: isUnsecuredWifi | J11: iOS needs location permission + special entitlement to read Wi-Fi details. Android < 12: unknown.
A12: 11 | B12: Network Security | C12: SSL Pinning | D12: Existing | E12: Existing | F12: Partial | G12: Build | H12: Public-key pins: Android network_security_config pin-set (release: no cleartext); iOS NSPinnedDomains. | I12: plugins/withSslPinning.js, app.json | J12: Needs the bank's real SPKI pins (2 per domain). Web: browsers don't allow pinning — HTTPS + HSTS (deploy/ configs).
A13: 12 | B13: Network Security | C13: Proxy Network | D13: Existing | E13: Existing | F13: N/A | G13: Block | H13: JVM proxy properties + Wi-Fi proxy (Android); system HTTP/HTTPS/PAC proxy (iOS). | I13: isProxy
A14: 13 | B14: Application Security | C14: APK Locking | D14: Added | E14: N/A | F14: N/A | G14: Isolate | H14: The app refuses to run unless signed by the bank's certificate (re-signed / repackaged APKs are locked out). | I14: getSigningCertificates + EXPO_PUBLIC_ANDROID_SIGNING_SHA256 | J14: Needs the Play App Signing + upload key SHA-256 fingerprints. iOS: enforced by Apple code signing.
A15: 14 | B15: Application Security | C15: Debugger Detection | D15: Existing | E15: Existing | F15: Partial | G15: Warn (optional) | H15: Debugger attached: Debug.isDebuggerConnected (Android), sysctl P_TRACED (iOS). | I15: isUsbDebuggingEnabled | J15: Client asked for optional: warns by default; EXPO_PUBLIC_BLOCK_DEBUGGER=true blocks. Web: dev-tools shortcuts blocked (deterrent only).
A16: 15 | B16: Application Security | C16: App Blacklisting | D16: Added | E16: Added | F16: N/A | G16: Warn | H16: Detects root managers, hooking frameworks, traffic sniffers, app cloners (Android packages via <queries>; iOS URL schemes). Remote config can add apps. | I16: getInstalledPackages, security-lists.json
A17: 16 | B17: Application Security | C17: Reverse Engineering | D17: Added | E17: Existing | F17: Existing | G17: Build | H17: Android release: R8 shrinking + obfuscation + resource shrinking; JS compiled to Hermes bytecode; logs stripped. iOS release strips symbols. | I17: plugins/withAndroidHardening.js | J17: Web: JS obfuscation, no source maps (existing).
A18: 17 | B18: Application Security | C18: Runtime Manipulation | D18: Added | E18: Added | F18: N/A | G18: Isolate | H18: Hooking / instrumentation detection — same checks as Code Injection (#4) and Frida (#6), re-run every minute. | I18: isCodeInjected, isFridaDetected
A19: 18 | B19: Application Security | C19: App Tampering | D19: Added | E19: Added | F19: Partial | G19: Isolate | H19: Android: wrong package id, debuggable release build, signature (#13). iOS: wrong bundle id, decrypted (dumped) App Store binary. | I19: getAppIntegrity | J19: Web: CSP script-src 'self', no third-party scripts.
A20: 19 | B20: Anti Malware Control | C20: Device Admin Permission | D20: Added | E20: N/A | F20: N/A | G20: Warn | H20: Lists active device-admin apps; non-system apps outside the MDM allow-list are flagged. | I20: getDeviceAdmins, security-lists.json | J20: iOS has no device-admin apps.
A21: 20 | B21: Anti Malware Control | C21: Accessibility Permission | D21: Added | E21: N/A | F21: N/A | G21: Warn | H21: Lists enabled accessibility services; non-system services outside the allow-list (TalkBack, password managers…) are flagged. | I21: getAccessibilityServices | J21: iOS doesn't allow third-party accessibility services.
A22: 21 | B22: Anti Malware Control | C22: Keylogger | D22: Added | E22: Existing | F22: Existing | G22: Warn | H22: Android: third-party (non-system, not allow-listed) keyboard detected. Inputs disable autocorrect, suggestions and copy/paste; secure password fields. | I22: getKeyboard | J22: iOS never gives third-party keyboards access to password fields. Web: virtual keyboard for password (existing).
A23: 22 | B23: Anti Malware Control | C23: Tapjacking | D23: Added | E23: N/A | F23: Added | G23: Always on | H23: Android: touches through another app's overlay are dropped (filterTouchesWhenObscured on the root view). | I23: enableOverlayProtection | J23: Web equivalent = clickjacking: frame-busting guard + frame-ancestors / X-Frame-Options headers.
A24: 23 | B24: Anti Malware Control | C24: StrandHogg | D24: Added | E24: N/A | F24: N/A | G24: Build | H24: taskAffinity="" and allowTaskReparenting=false on the app and main activity, so other apps can't hijack the task. | I24: plugins/withAndroidHardening.js | J24: Android only.
A25: 24 | B25: User Behaviour Controls | C25: Internet Call | D25: Added | E25: Added | F25: N/A | G25: Warn | H25: Active VoIP call (WhatsApp, Teams…): AudioManager MODE_IN_COMMUNICATION (Android); CallKit calls (iOS). | I25: getCallState | J25: Warns the customer never to share OTPs during a call.
A26: 25 | B26: User Behaviour Controls | C26: Screenshot | D26: Existing | E26: Existing | F26: Not possible | G26: Always on | H26: Screenshots and recordings blocked in release builds (FLAG_SECURE / expo-screen-capture). | I26: useAppSecurity | J26: Browsers can't block screenshots.
A27: 26 | B27: User Behaviour Controls | C27: Screen Overlay | D27: Added | E27: N/A | F27: N/A | G27: Always on | H27: Android 12+: other apps' overlays hidden over MF Bank (setHideOverlayWindows); older versions covered by #22. | I27: enableOverlayProtection
A28: 27 | B28: User Behaviour Controls | C28: Screen Sharing | D28: Existing | E28: Existing | F28: Not possible | G28: Block | H28: Casting / mirroring (Android presentation display); recording, AirPlay, sharing (iOS isCaptured). App content hidden while active. | I28: isScreenBeingCapturedOrShared | J28: Browsers can't detect screen sharing.
A29: 28 | B29: User Behaviour Controls | C29: Active Voice Call | D29: Added | E29: Added | F29: N/A | G29: Warn | H29: Phone call in progress: AudioManager MODE_IN_CALL / ringing (Android, no permission); CallKit (iOS). | I29: getCallState
A30: 29 | B30: User Behaviour Controls | C30: Remote Desktop Protocol | D30: Added | E30: Added | F30: N/A | G30: Warn | H30: Remote-control apps (AnyDesk, TeamViewer QuickSupport, RustDesk, AirDroid…) detected; their screen view is already blanked by FLAG_SECURE and their input by #22/#26. | I30: getInstalledPackages (REMOTE_ACCESS_APPS)
A31: 30 | B31: Telematics Reporting | C31: Over the Air Update | D31: Added | E31: Added | F31: Existing | G31: — | H31: Remote security config (bank-hosted JSON): minimum app version (forced-update screen), policy overrides, extra blacklisted apps — no app release needed. | I31: shared/security/remoteSecurityConfig.ts, EXPO_PUBLIC_SECURITY_CONFIG_URL | J31: Web: every deployment reaches users immediately.
A32: 31 | B32: Telematics Reporting | C32: Automate Threat Alerts | D32: Added | E32: Added | F32: Added | G32: — | H32: Every finding (and web framing / CSP violations) is sent to the backend once per run through the encrypted API. | I32: shared/security/threatReporter.ts | J32: Needs a backend service code: EXPO_PUBLIC_ / VITE_THREAT_REPORT_SERVICE.
A33: 32 | B33: Telematics Reporting | C33: Control Response to Risk | D33: Added | E33: Added | F33: Partial | G33: — | H33: Per-threat response: isolate / block / warn / report, set in securityPolicy.ts and overridable remotely (#30). | I33: core/security/securityPolicy.ts | J33: Web: fixed responses (block page when framed / not HTTPS).
A34: 33 | B34: Telematics Reporting | C34: Live Threat Monitoring | D34: Added | E34: Added | F34: Partial | G34: — | H34: Checks at start-up, on every return to the foreground, live checks every 5 s, full checks every 60 s. | I34: useDeviceSecurity | J34: Web: session monitors (inactivity, hidden tab, absolute limit) and CSP violations.
A35: 34 | B35: Telematics Reporting | C35: Device Isolation | D35: Added | E35: Added | F35: N/A | G35: — | H35: On an 'isolate' threat: session ended, app data cleared, app locked for the run, bank notified. | I35: useDeviceSecurity | J35: Permanent blocking of the device needs the backend (it receives the report with device details).

Sheet Web Security
A1: Category | B1: Control | C1: Status | D1: How it is implemented | E1: Where
A2: Browser security | B2: Content-Security-Policy | C2: Existing + strengthened | D2: script-src 'self', object-src/frame-src 'none', base-uri, form-action, upgrade-insecure-requests (added at build). | E2: apps/web/vite.config.ts
A3: Browser security | B3: Clickjacking (frame-busting) | C3: Added | D3: App refuses to start inside another site's frame and reports it. | E3: core/security/browserGuards.ts
A4: Browser security | B4: frame-ancestors / X-Frame-Options | C4: Added | D4: Set by the web server (cannot be set from <meta>). | E4: apps/web/deploy/nginx.conf, web.config
A5: Browser security | B5: HTTPS only + HSTS | C5: Added | D5: Refuses to run outside a secure context; HSTS (2 years, preload) + HTTP→HTTPS redirect on the server. | E5: browserGuards.ts, deploy/
A6: Browser security | B6: Other security headers | C6: Added | D6: X-Content-Type-Options, Referrer-Policy no-referrer, Permissions-Policy, COOP, CORP; server banner removed. | E6: apps/web/deploy/
A7: Browser security | B7: XSS | C7: Existing | D7: React escaping; no dangerouslySetInnerHTML / eval / innerHTML in app code (verified); input sanitising on every keystroke. | E7: shared formatInput
A8: Browser security | B8: Code protection | C8: Existing | D8: JS obfuscation, no source maps, console logs off in production. | E8: vite.config.ts
A9: Browser security | B9: Inspection deterrents | C9: Existing | D9: Right-click, F12 / dev-tools shortcuts, view-source, text selection blocked (production). | E9: useSecurityRestrictions.ts
A10: Browser security | B10: Clipboard | C10: Existing | D10: Copy / cut / paste blocked in production; inputs autocomplete off. | E10: useSecurityRestrictions.ts
A11: Browser security | B11: Keylogger | C11: Existing | D11: Virtual keyboard for the password. | E11: VirtualKeyboard.tsx
A12: Browser security | B12: CSP violation reporting | C12: Added | D12: securitypolicyviolation events sent to the threat reporter. | E12: browserGuards.ts
... A17: API security | B17: Replay protection | C17: Partial | D17: New keys + HMAC per request. Timestamp / nonce validation must be done by the server. | E17: Backend
A18: API security | B18: Sensitive data in URLs | C18: Existing | D18: Never — data travels in encrypted bodies and in-memory state.
A19: Authentication | B19: Login | C19: Existing | D19: Username + password + secure-random captcha, then OTP. | E19: useLogin.ts
A20: Authentication | B20: Sensitive actions | C20: Existing | D20: OTP for transfers to others and every profile change; confirmation step for own transfers. | E20: useAuthorisedAction.ts
A21: Authentication | B21: Password policy | C21: Existing | D21: Live checklist; password change ends the session. | E21: validators.ts
A22: Session management | B22: In-memory session | C22: Existing | D22: No tokens in localStorage / cookies; refresh = logout. | E22: shared store
A23: Session management | B23: Inactivity timeout | C23: Existing | D23: Default 5 minutes; hidden-tab logout. | E23: useInactivityLogout.ts
A24: Session management | B24: Absolute session limit | C24: Added | D24: Logged out after 30 minutes even when active (VITE_SESSION_MAX_MIN). | E24: shared/hooks/useSessionLimit.ts
A25: Session management | B25: Server timeout / forced logout | C25: Existing | D25: statuscodep 98, Status 05, codes 03/04 reset the session. | E25: requestConfig.ts
A26: Session management | B26: Back/forward & unload guards | C26: Existing | D26: Confirm logout on browser back/forward; warning before leaving. | E26: useBackForwardGuard.ts
A27: OWASP Top 10 | B27: A01 Broken access control | C27: Partial | D27: Route guards in the app; authorisation must be enforced by the server. | E27: RequireAuth.tsx / Backend
A28: OWASP Top 10 | B28: A02 Cryptographic failures | C28: Existing | D28: Message encryption + HTTPS + HSTS.
A29: OWASP Top 10 | B29: A03 Injection | C29: Existing | D29: Input sanitising, React escaping, CSP.
A30: OWASP Top 10 | B30: A04 Insecure design | C30: Existing | D30: OTP + confirmation for sensitive actions, limits, single logout path.
A31: OWASP Top 10 | B31: A05 Security misconfiguration | C31: Added | D31: Server header configs, no source maps, server banner hidden. | E31: deploy/
A32: OWASP Top 10 | B32: A06 Vulnerable components | C32: Added | D32: npm run security:audit (fails on high severity) — run in CI. | E32: package.json
A33: OWASP Top 10 | B33: A07 Identification & auth failures | C33: Existing | D33: Captcha, OTP, cooldown, password policy.
A34: OWASP Top 10 | B34: A08 Software & data integrity | C34: Existing | D34: script-src 'self', no third-party scripts, npm ci with lockfile.
A35: OWASP Top 10 | B35: A09 Logging & monitoring | C35: Partial | D35: Threat reporter ready; needs the backend service code. | E35: threatReporter.ts
A36: OWASP Top 10 | B36: A10 SSRF | C36: N/A | D36: Server-side risk; the web app makes no server-side requests. | E36: Backend

Sheet Summary
A1: Status | B1: Android | C1: iOS | D1: Web (34 list) | E1: Web checklist
A2: Existing | B2: =COUNTIF('Mobile & Web (34)'!$D$2:$D$35,$A2) -> 10 | C2: =COUNTIF('Mobile & Web (34)'!$E$2:$E$35,$A2) -> 12 | D2: =COUNTIF('Mobile & Web (34)'!$F$2:$F$35,$A2) -> 3 | E2: =COUNTIF('Web Security'!$C$2:$C$36,$A2&"*") -> 21
A3: Added | B3: =COUNTIF('Mobile & Web (34)'!$D$2:$D$35,$A3) -> 24 | C3: =COUNTIF('Mobile & Web (34)'!$E$2:$E$35,$A3) -> 13 | D3: =COUNTIF('Mobile & Web (34)'!$F$2:$F$35,$A3) -> 2 | E3: =COUNTIF('Web Security'!$C$2:$C$36,$A3&"*") -> 10
A4: Partial | B4: =COUNTIF('Mobile & Web (34)'!$D$2:$D$35,$A4) -> 0 | C4: =COUNTIF('Mobile & Web (34)'!$E$2:$E$35,$A4) -> 0 | D4: =COUNTIF('Mobile & Web (34)'!$F$2:$F$35,$A4) -> 6 | E4: =COUNTIF('Web Security'!$C$2:$C$36,$A4&"*") -> 3
A5: N/A | B5: =COUNTIF('Mobile & Web (34)'!$D$2:$D$35,$A5) -> 0 | C5: =COUNTIF('Mobile & Web (34)'!$E$2:$E$35,$A5) -> 8 | D5: =COUNTIF('Mobile & Web (34)'!$F$2:$F$35,$A5) -> 21 | E5: =COUNTIF('Web Security'!$C$2:$C$36,$A5&"*") -> 1
A6: Not possible | B6: =COUNTIF('Mobile & Web (34)'!$D$2:$D$35,$A6) -> 0 | C6: =COUNTIF('Mobile & Web (34)'!$E$2:$E$35,$A6) -> 1 | D6: =COUNTIF('Mobile & Web (34)'!$F$2:$F$35,$A6) -> 2 | E6: =COUNTIF('Web Security'!$C$2:$C$36,$A6&"*") -> 0
A7: Backend | B7: =COUNTIF('Mobile & Web (34)'!$D$2:$D$35,$A7) -> 0 | C7: =COUNTIF('Mobile & Web (34)'!$E$2:$E$35,$A7) -> 0 | D7: =COUNTIF('Mobile & Web (34)'!$F$2:$F$35,$A7) -> 0 | E7: =COUNTIF('Web Security'!$C$2:$C$36,$A7&"*") -> 0
A8: Total | B8: =SUM(B2:B7) -> 34 | C8: =SUM(C2:C7) -> 34 | D8: =SUM(D2:D7) -> 34 | E8: =SUM(E2:E7) -> 35
A10: Legend
A11: Existing = already in MF Bank before this change
A12: Added = implemented in this change
A13: Partial = covered with a limitation (see Comments)
A14: N/A = the platform has no such risk / feature
A15: Not possible = no API on that platform
A16: Backend = must be enforced by the server
A17: Default response is set in apps/mobile/src/core/security/securityPolicy.ts and can be changed remotely (#30).
